folder,id,display_name,description,type,units,domain,labels,calculation,commonly_used
Acculturation,accult_mesa,Acculturation Score - MESA,"This is a summary acculturation score based on nativity, language spoken at home, and years of residence in the U.S. It is defined as the sum of nativity subscore and language subscore.",numeric,"","","","",""
Acculturation,age_immi,Age of immigration among participants who were not born in US mainland (50 US States + DC),"The age of immigration is defined as if participant was not born in the US 50 states, then the age of immigration is equal to the participant's age minus years lived in the US or if participant was born in the US 50 states, then the age of immigration is equal to missing.",numeric,years,"","","",""
Acculturation,bkgrd1,Background with Other reclassified,The self-identification with a Hispanic/Latino cultural group allowed for selection of an 'other' designation. This variable groups the test responses of 'other' for variations of 'Dominican' so that undercounts do not occur for that group.,choices,"",latino_background,"","",""
Acculturation,bkgrd1_c6,Background with Other reclassified (collapsed categories),Variable collapses 'Central' and 'South American' categories into one group and the 'Other' and 'More than one heritage' categories into one group.,choices,"",latino_background2,"","",""
Acculturation,bkgrd1_c7,7-level re-classification of Hispanic/Latino Background,Variable combined 'Other' and 'More than one heritage' categories into one group.,choices,"",latino_background3,"","",""
Acculturation,ethis,Ethnic identity score,Variable indicates the degree of ethnic identity.,numeric,"","","","",""
Acculturation,imgen_c2,Immigrant generation (2 categories),"This variable determines the participants immigrant generation status based on a combination of the country of origin of the participant, maternal and paternal parents, and/or the maternal and paternal grandparents.",choices,"",generation2,"","",""
Acculturation,imgen_c4,Immigrant generation (4 categories),"This variable determines the participant's immigrant generation status based on a combination of the country of origin of the participant, maternal and paternal parents, and/or the maternal and paternal grandparents.",choices,"",generation,"","",""
Acculturation,lang_pref,Language preference,This variable determines which language was preferred to be used for the baseline examination.,choices,"",language,"","",""
Acculturation,language_subscore_mesa,Language Subscore - MESA,This is a language subscore of the acculturation score similar to the one used in MESA.,numeric,"","","","",""
Acculturation,nativity_subscore_mesa,Nativity Subscore - MESA,This is a nativity subscore of the acculturation score similar to the one used in MESA.,choices,"",nativity,"","",""
Acculturation,race,Race Group (self-report),The self-identification with a race group.,choices,"",race,"","",""
Acculturation,sash_lang,Short acculturation scale for Hispanics-language subscale,This variable indicates the degree of language acculturation.,numeric,"","","","",""
Acculturation,sash_soc,SASH ethic social relations subscale,This variable indicates the degree of social acculturation.,numeric,"","","","",""
Acculturation,site_bkgrd,Cross-Classification of Center and Hispanic/Latino Background,This variable is the self-identification with a Hispanic/Latino cultural group crossed by field center.,choices,"",site_background,"","",""
Acculturation,site_bkgrd_45plus,"Cross-Classification of Center and Hispanic Latino Background, 45+ Years Only","This variable is the self-identification with a Hispanic/Latino cultural group, based on a sub-cohort of participants 45+ years old, crossed by field center and grouped into categories.",choices,"",site_background2,"","",""
Acculturation,us_born,Born in mainland US (50 States + DC),This variable groups the place of birth of the participant to the United States (50 states only) or other place of birth.,choices,"",noyes01,"","",""
Acculturation,us_native,US Born (including territories),"This variable groups the place of birth of the participant to the United States (50 states and US territories which includes Puerto-Rico, Guam, and Virgin Islands) or other place of birth.",choices,"",noyes01,"","",""
Acculturation,yrsus,Years lived in US,"This variable defines years lived in the US as if the participant was not born in the US, then the years lived in the US is equal to the response of PIEA7 or if participant was born in the US, then the years lived in the US is equal to the participant's age.",numeric,years,"","","",""
Acculturation,yrsus_c2,2-level grouped years lived in the US (50 States),This variable is grouped and defined as living less than 10 years in the US or living 10 years or more in the US.,choices,"",yrsus_c2,"","",""
Administrative,any_permit,Any permission for public use of data,Thi variable combines the 3 permission variables to determine whether or not a study participant gave any permission for public use of data.,choices,"",use_permitted,"","",""
Administrative,center,Center,This variable is the field center that was derived from the city of origin.,choices,"",centerid,"","",""
Administrative,centernum,Participant's Field Center - numeric,This variable is the field center that was derived from the city of origin.,choices,"",siteid,"","",""
Administrative,commercial_permit,Permission for for-profit use of data,This variable determines whether or not a study participant gave permission for use for for-profit use of study data.,choices,"",use_permitted,"","",""
Administrative,consent,Consent to Participate in HCHS\SOL Study,This variable determines whether or not a study participant consented to participate in the baseline examination study.,choices,"",noyes01,"","",""
Administrative,dna_available,DNA Available,This variable determines whether or not a study participant had blood draws successfully conducted without incidents or problems for tubes 4 and 5 to make DNA available to investigators associated or not associated to HCHS/SOL and specialized laboratories.,choices,"",noyes01,"","",""
Administrative,external_permit,Permission for investigators outside HCHS/SOL,This variable determines whether or not a study participant gave permission for use for investigators outside HCHS/SOL.,choices,"",use_permitted,"","",""
Administrative,full_afu_eligible,Annual Follow-Up Eligibity (minimum set of forms present),This variable defines a participant as meeting all requirements to determine if eligible for annual follow-up.,choices,"",noyes01,"","",""
Administrative,genotyping,Full consent for genotyping,This variable determines whether or not a study participant fully consented to genotyping for use with investigators associated or not associated to HCHS/SOL and specialized laboratories.,choices,"",noyes01,"","",""
Administrative,np_permit,Permission for non-profit use of data,This variable determines whether or not a study participant gave permission for non-profit use of study data.,choices,"",use_permitted,"","",""
Administrative,pid,Random BioLINCC ID for LAD,"",identifier,"","","","",""
Administrative,vnum,Visit Number,"",choices,"",vnum,"","",""
Anthropometry,bmi,Body Mass Index (BMI),"",numeric,kilograms per meter squared,"","","",""
Anthropometry,bmigrp_c4,4-level grouped Body Mass Index - WHO,This variable is created using the calculated body mass index to define categories based on current WHO (World Health Organization) classifications,choices,"",bmi_range,"","",""
Anthropometry,bmigrp_c6,6-level grouped Body Mass Index - WHO,This variable is created using the calculated body mass index to define categories based on current WHO (World Health Organization) classifications,choices,"",bmi_range_c6,"","",""
Anthropometry,height,Height (corrected),During two time periods the standing height as measured at the Bronx site was incorrect due to a mis-mounted stadiometer used in measuring all participants. The derived variable was implemented based on a recommendation from the Quality Control subcommittee.,numeric,centimeters,"","","",""
Anthropometry,waist_hip,Waist to Hip Ratio,"",numeric,"","","","",""
Blood Pressure,abi_overall,Overall Ankle Branchial Index (occlusion failure included),Ankle Brachial Index (ABI) is the average ankle to arm systolic pressures as measured from the left and right sides. The higher of the two ankle measures on the same side is divided by the higher of the two systolic arm pressures to derive the right and left side ABI values. The overall ABI is the mean of those two measurements.,numeric,"","","","",""
Blood Pressure,abigrp_c4,4-level grouped Ankle Brachial Index (occ. failure incl.),This variable groups left and right ABI into 4 categories.,choices,"",abi,"","",""
Blood Pressure,left_abi,Left Ankle Branchial Index (occ. failure incl.),Ankle Brachial Index (ABI) is the average ankle to arm systolic pressures as measured from the left and right sides. The higher of the two ankle measures on the same side is divided by the higher of the two systolic arm pressures to derive the right and left side ABI values.,numeric,"","","","",""
Blood Pressure,left_abigrp_c4,Left 4-level grouped Ankle Brachial Index (occ. failure incl.),This variable groups left and right ABI into 4 categories.,choices,"",abi,"","",""
Blood Pressure,right_abi,Right Ankle Branchial Index (occ. failure incl.),Ankle Brachial Index (ABI) is the average ankle to arm systolic pressures as measured from the left and right sides. The higher of the two ankle measures on the same side is divided by the higher of the two systolic arm pressures to derive the right and left side ABI values.,numeric,"","","","",""
Blood Pressure,right_abigrp_c4,Right 4-level grouped Ankle Brachial Index (occ. failure incl.),This variable groups left and right ABI into 4 categories.,choices,"",abi,"","",""
Clinical Characteristics,alcohol_use,Alcohol Use,"",choices,"",never_current,"","",""
Clinical Characteristics,alcohol_use_disorder,Alcohol Use Disorder Risk,"Based on gender-specific cutoffs for weekly alcohol use provided by the National Institute for Alcohol Abuse and Alcoholism, this variable provides a risk level for developing an alcohol use disorder (craving, loss of control, physical dependence, tolerance, etc.)",choices,"",alcohol_risk,"","",""
Clinical Characteristics,alcohol_use_level,Alcohol Use Drinking Level,"Using the weekly alcohol use cutoffs from alcohol_use_disorder, this variable combines never users and former users into a group called 'no current use'. Definitions of 'low level use' and 'high level use' correspond to those of 'low risk drinker' and 'at-risk drinker' from alcohol_use_disorder.",choices,"",alcohol_use,"","",""
Clinical Characteristics,cdcr,"Cerebrovascular Disease and Carotid Revascularization, self-report","This variable checks for medical history of stroke, mini-stroke or TIA, or balloon angioplasty or surgery to the arteries in the neck.",choices,"",noyes01,"","",""
Clinical Characteristics,chd_self,Self-reported CHD,This variable combines the self-reports of coronary revascularization or heart attack.,choices,"",noyes01,"","",""
Clinical Characteristics,cigarette_pack_years,Cigarette Pack Years,This variable calculates the cigarette pack years as the number of exposure years multiplied by the average number of cigarettes smoked per day.,numeric,packs,"","","",""
Clinical Characteristics,cigarette_pack_years_c3,"Cigarette Pack Years (3-level, cutoff=10)",This variable groups cigaratte use into 3 categories,choices,"",years,"","",""
Clinical Characteristics,cigarette_use,Cigarette Use,"",choices,"",never_current,"","",""
Clinical Characteristics,cigarettes_year,Adjusted Cigarettes per Year,This variable calculates the cigarette years as the number of exposure years multiplied by the average number of cigarettes smoked per day.,numeric,cigarettes,"","","",""
Clinical Characteristics,claudication_int,Intermittent Claudication - either leg,This variable defines intermittent claudication being present in either leg,choices,"",noyesdk,"","",""
Clinical Characteristics,current_smoker,Current Smoker (from CIGARETTE_USE),This variable is an indicator to denote current smoker status using the variable cigarette_use.,choices,"",noyes01,"","",""
Clinical Characteristics,cvd_frame,Framingham CVD composite criterion,This variable is an indicator that defines a composite CVD definition based on the Framingham Study criterion.,choices,"",noyes01,"","",""
Clinical Characteristics,diab_diag,Diabetes Diagnosis,"This variable describes the diagnoses of diabetes and whether it was diagnosed before baseline, not diagnosed before baseline but possibly detected from lab data, or as non-diabetic.",choices,"",diab_diag,"","",""
Clinical Characteristics,diab_famhist,Family History of Diabetes,This variable describes the family history of diabetes.,choices,"",noyes01,"","",""
Clinical Characteristics,diabetes1,3-level grouped Diabetes ver.1,This variable describes the stages of diabetes.,choices,"",diabetes3,"","",""
Clinical Characteristics,diabetes2,3-level grouped Diabetes - ADA,This variable describes the stages of diabetes based on American Diabetes Association definition.,choices,"",diabetes3,"","",""
Clinical Characteristics,diabetes2_indicator,Diabetes Indicator - ADA,This variable is based on the Diabetes variable (version 2) stages of diabetes based on American Diabetes Association definition.,choices,"",noyes01,"","",""
Clinical Characteristics,diabetes3,3-level grouped Diabetes - includes self-report,This variable describes the stages of diabetes based on American Diabetes Association definition with an additional self-report criterion.,choices,"",diabetes,"","",""
Clinical Characteristics,diabetes_c4,4-level grouped diabetes (none/pre/treated/untreated),This variable assesses diabetes using variable diabetes3 and medication use based on variables muea33c and med_antidaib.,choices,"",diabetes2,"","",""
Clinical Characteristics,diabetes_lab,3-level grouped Diabetes - Lab,This variable describes the stages of diabetes.,choices,"",diabetes3,"","",""
Clinical Characteristics,diabetes_self,Diabetes - self report only,This variable indicates a self-report of diabetes.,choices,"",noyes01,"","",""
Clinical Characteristics,dm_aware,Diabetes awareness at baseline,This variable describes the awareness of diabetes. Defined only for self-reported diabetics.,choices,"",aware,"","",""
Clinical Characteristics,dm_control,Diabetes controlled: DM Classified at Baseline and A1C < 7%,This variable indicates controlled diabetes. Defined only for diabetics.,choices,"",diabetes4,"","",""
Clinical Characteristics,doctor_visit,Doctor/HCP number of visits in past 12 months,This variable defines grouped categories for the number of times a participant has visited the doctor in the last 12 months.,choices,"",visit_range,"","",""
Clinical Characteristics,ever_angina_relative,At least one relative had report of angina,"This variable combines self-report of angina for immediate family relatives, i.e. mother, father, and sibling(s).",choices,"",noyes01,"","",""
Clinical Characteristics,ever_cabg_relative,At least one relative had report of CABG or angioplasty,"This variable combines self-report of variable cabg or angioplasty for immediate family relatives, i.e. mother, father, and sibling(s).",choices,"",noyes01,"","",""
Clinical Characteristics,ever_mi_relative,At least one relative had report of heart attack,"This variable combines self-report of heart attack for immediate family relatives, i.e. mother, father, and sibling(s).",choices,"",noyes01,"","",""
Clinical Characteristics,exposure_year,Adjusted Years Smoked,This variable calculates the years a participant smoked cigarettes. This is calculated using the difference from the age the participant began smoking to either the participant's age at baseline examination or the age that the participant quit smoking (if applicable).,numeric,years,"","","",""
Clinical Characteristics,fh_chd,Family history of CHD including self-reported angina,"This variable combines the self-reports of angina, heart attack, or procedure (angioplasty, stent, bypass) for immediate family relatives, i.e. mother, father, and sibling(s).",choices,"",noyes01,"","",""
Clinical Characteristics,fh_stroke,Family history of stroke,"This variable combines the self-reports of stroke for immediate family relatives, i.e. mother, father, and sibling(s).",choices,"",noyes01,"","",""
Clinical Characteristics,frame_cvd_risk_10yr,Framingham CVD - 10 year risk (w/lab predictors),This variable defines the Framingham CVD 10 year risk using lab predictors based on the Framingham Study criterion for participants. Individuals 30 to 74 years old only.,numeric,"","","","",""
Clinical Characteristics,hba1c_si,"Glycosylated Hemoglobin (HbA1c) in SI units (mmol/mol), nearest integer","",integer,mmol per mol,"","","",""
Clinical Characteristics,homa_b,HOMA index of Beta Cell Function,This variable defines the Homeostasis model assessment of insulin resistance.,numeric,"","","","",""
Clinical Characteristics,homa_ir,HOMA index of Insulin Resistance,This variable defines the Homeostasis model assessment of insulin resistance.,numeric,"","","","",""
Clinical Characteristics,hypert_awareness,Awareness of Hypertension - NHANES,This variable is defined by the self-report of doctor's diagnosis of hypertension for those who were defined as having hypertension using the NHANES definition only.,choices,"",noyes01,"","",""
Clinical Characteristics,hypert_control,Control of Hypertension - NHANES,This variable is defined for participants whose blood pressure are below the cutoff of 140/90 (both systolic and diastolic must be less than the cutoff values) for those who were defined as having hypertension using the NHANES definition only and also indicated whether or not they were receiving treatment for hypertension.,choices,"",noyes01,"","",""
Clinical Characteristics,hypert_treatment,Treatment of Hypertension - NHANES,This variable is defined by the participant's self-report awareness of hypertension and self-report use of antihypertensive medications for those who were defined as having hypertension using the NHANES definition only.,choices,"",noyes01,"","",""
Clinical Characteristics,hypertension,Hypertension (BP>=140/90 and Med Use),Hypertension is defined here if the systolic or diastolic blood pressure is greater than or equal to 140/90 or if the participant is currently taking antihypertensive medications.,choices,"",noyes01,"","",""
Clinical Characteristics,hypertension2,Hypertension using NHANES definition,Hypertension is defined here using the following NHANES definition: if the systolic or diastolic blood pressure is greater than or equal to 140/90 or if the participant self-reported as currently taking antihypertensive medications.,choices,"",noyes01,"","",""
Clinical Characteristics,hypertension_c4,4-level grouped hypertension (none/pre/treated/untreated),This variable classifies participants into 4 categories based on hypertension and hypertensive.,choices,"",hyper_level,"","",""
Clinical Characteristics,mets_idf,Metabolic Syndrome - IDF definition,"The International Diabetes Federation (IDF) definition emphasizes central obesity because it is 'independently' associated with each of the other metabolic syndrome components, as well as insulin resistance.",choices,"",noyes01,"","",""
Clinical Characteristics,mets_ncep,Metabolic Syndrome - NCEP ATP III,The following definition of metabolic syndrome is based on the updated Adult Treat Panel III (ATP III) of the National Cholesterol Education Program (NCEP) guidelines.,choices,"",noyes01,"","",""
Clinical Characteristics,mets_ncep2,Metabolic Syndrome w/Self-Reported Meds - NCEP ATP III,This variable incorporates the original variable mets_ncep definition with changes to include self-reported medication use instead of scanned/transcribed medication use.,choices,"",noyes01,"","",""
Clinical Characteristics,mi_ecg,MI defined by ECG results,This variable checks some ECG measures to detect possible old MIs.,choices,"",noyes01,"","",""
Clinical Characteristics,prechd_angina,"Prevalent Coronary Heart Disease, including self-report","This variable combines ECG reports of possible old MI as well as self-report of angina, heart attack, or procedure (angioplasty, stent, bypass).",choices,"",noyes01,"","",""
Clinical Characteristics,prechd_no_angina,Prevalent Coronary Heart Disease,"This variable combines ECG reports of possible old MI as well as self-report of heart attack, or procedure (angioplasty, stent, bypass).",choices,"",noyes01,"","",""
Clinical Characteristics,stroke,"Prevalent Stroke, self report",This variable checks for self-report medical history of stroke.,choices,"",noyes01q,"","",""
Clinical Characteristics,stroke_tia,"Prevalent Stroke or TIA, self report",This variable checks for medical history or mini-stroke or TIA.,choices,"",noyes01,"","",""
Clinical Characteristics,totaldrinks_per_week,Total Weekly Alcohol Consumption,This variable determines the total alcohol intake as the numbers of drinks per week only for current drinkers.,numeric,drinks,"","","",""
Dental,perio_cdc_aap,Periodontitis Severity using CDC/AAP Grades,"The HCHS/SOL used a comprehensive full mouth examination protocol examining six sites per tooth in up to 28 teeth yielding up to 168 sites per person. For the purpose of this study, four outcome measures were reported based on the Centers for Disease Control and Prevention and the American Academy of Periodontology (CDC/AAP) case definition of periodontitis at four severity thresholds. These classifications are designed for population-based surveillance of periodontal disease and are based on measures of clinical periodontal clinical attachment level (CAL) and probing pocket depth (PD).",choices,"",perio_grade,"","",""
Dental,perio_extent,Percentage Interproximal Sites Positive for Periodontitis,This is an additional method of describing the extent of disease in the mouth.,numeric,percent,"","","",""
Dental,periodontal_disease,Periodontal Disease - NIDCR,The NIDCR cites the prevalence of periodontal disease based on dental examination probing measurements. To be classified as having periodontal disease there is at least one toother with Attachment Loss (AL) 3mm or greater and Pocket Depth (PD) 4mm or greater.,choices,"",noyes01,"","",""
Design,cohort,Cohort Year (from Household Address Wave Assignment),This variable is an indicator of household sample address allocation and distribution for HCHS/SOL recruitment.,integer,"","","","",""
Design,list_cnt,Sample List-level Hispanic Household Frame Counts,This variable is the sample design list household frame count variable used in statistical analyses.,numeric,"","","","",""
Design,listnum,List Address Record Assigned,This variable is the sample design variable used in statistical analyses.,choices,"",hispanic_address,"","",""
Design,psu_cnt,BG-level Hispanic Household Frame Counts,This variable is the sample design clustering household frame count variable used in statistical analyses.,numeric,"","","","",""
Design,psu_id,Primary Sampling Unit ID,This variable is the sample design clustering variable used in statistical analyses as the cluster variable that is combination of the field center and selected block group identifier.,numeric,"","","","",""
Design,strat,Stratification Variable ID,"This variable is the sample design stratification variable used in statistical analyses as the stratum variable that is a combination of field center, Hispanic household proportion, and SES.",numeric,"","","","",""
Design,strat_cnt,Stratum-level Hispanic Household Frame Counts,This variable is the sample design stratification household frame variable used in statistical analyses.,numeric,"","","","",""
Design,weight_final_expanded,Expanded Census 2010 Final Calibrated Trimmed Nonresponse Adjusted Final Weights - Year 1-3 (frozen as of 10/27/2011),"The calibrated sample weight is the calibrated, trimmed, non-response adjusted reciprocal of a participant’s probability of selection into the HCHS/SOL study. The trimmed, nonresponse adjusted sample weights were calibrated using first the 7-category Hispanic Background distribution and then the 12-category age group/gender distribution using the 2010 Decennial Census. This variable is used for analyses purposes only.",numeric,"","","","",""
Design,weight_final_norm_center,FC-specific Normalized Census 2010 Calibrated Trimmed NonResponse Adjusted Final Weights - Year 1-3 (frozen as of 10/27/2011),"The FC-specific normalized sample weight is the field center specific normalized, calibrated, trimmed, non-response adjusted (household and person-level) reciprocal of a participant’s probability of selection into the HCHS/SOL study. The calibrated, trimmed, non-response adjusted sample weights were normalized using the weighted mean divided by weighted standard deviation calculated for each field center separately and used to normalize the expanded calibrated sample weights (WEIGHT_Final_Norm_Center). This final sample weight variable is used for analyses purposes only when the subpopulation is restricted to within a single site.",numeric,"","","","",""
Design,weight_final_norm_overall,Overall Sample Normalized Census 2010 Calibrated Trimmed NonResponse Adjusted Final Weights - Year 1-3 (frozen as of 10/27/2011),"The normalized sample weight is the overall normalized, calibrated, trimmed, nonresponse adjusted (household and person-level) reciprocal of a participant’s probability of selection into the HCHS/SOL study. The base sample weights, i.e. the reciprocal of a participant’s probability of selection into the HCHS/SOL study, were first adjusted by household-level and person-level non-response. The non-response adjusted sample weights were then trimmed using the selected average percentile that minimizes model MSE within each field center. All sample weights that fell above the selected percentile were trimmed to the selected percentile and the trimmed difference was evenly distributed among all of the non-trimmed sample weights. The trimmed, non-response adjusted sample weights were then calibrated using first the 7-category Hispanic Background distribution and then the 12-category age group/gender distribution using the 2010 Decennial Census. Finally, these calibrated, trimmed, non-response adjusted sample weights were normalized using the weighted mean divided by weighted standard deviation of the entire HCHS/SOL sample to normalize the expanded calibrated sample weights (WEIGHT_Final_Norm_Overall). This final sample weight variable is used for analyses purposes only.",numeric,"","","","",""
Diet,ahei1,"Vegetables without potato, score","",numeric,"","","","",""
Diet,ahei10,"Sodium, score","",numeric,"","","","",""
Diet,ahei11,"Alcohol, score","",numeric,"","","","",""
Diet,ahei2,"Whole fruit, score","",numeric,"","","","",""
Diet,ahei2010,Alternative Healthy Eating Index 2010,"",numeric,"","","","",""
Diet,ahei3,"Whole grains, score","",numeric,"","","","",""
Diet,ahei4,"Sweetened bev & fruit juice, score","",numeric,"","","","",""
Diet,ahei5,"Nuts & legumes, score","",numeric,"","","","",""
Diet,ahei6,"Red/processed meat, score","",numeric,"","","","",""
Diet,ahei7,"Trans Fat, score","",numeric,"","","","",""
Diet,ahei8,"EPA+DHA, score","",numeric,"","","","",""
Diet,ahei9,"PUFA, score","",numeric,"","","","",""
Diet,diet_score_jama,Diet Score from 1st JAMA paper,"",numeric,"","","","",""
Diet,diet_score_jama_c2,Categorized Diet Score JAMA,"",choices,"",jama_diet_score,"","",""
Diet,pred_alc,"Alcohol - NCI predicted intake, servings/d (ALCOHOL)","",numeric,"","","","",""
Diet,pred_epadha,"EPA and DHA - NCI predicted intake, mg/d (EPADHA)","",numeric,"","","","",""
Diet,pred_fruit_whl,"Whole Fruit - NCI predicted intake, servings/d (FRUIT_ALL_WOJUICE)","",numeric,"","","","",""
Diet,pred_grain_whl,"Whole Grain - NCI predicted intake, servings/d (GRAIN_WHL)","",numeric,"","","","",""
Diet,pred_nutleg,"Nuts and Legumes - NCI predicted intake, servings/d (NUTLEG)","",numeric,"","","","",""
Diet,pred_pctpufa,"PUFA exclude EPA & DHA - NCI predicted intake, % Calories (PCTPUFA_NOEPADHA)","",numeric,"","","","",""
Diet,pred_redprocess,"Red/Processed Meat - NCI predicted intake, servings/d (MEAT_REDPROCESSED)","",numeric,"","","","",""
Diet,pred_sodium,"Sodium - NCI predicted intake, mg/d (DTIA67)","",numeric,"","","","",""
Diet,pred_swebj,"Sugar-sweentened beverages and fruit juice - NCI predicted intake, servings/d (SUGAR_SWTBFJ)","",numeric,"","","","",""
Diet,pred_transfat,"Trans Fat - NCI predicted intake, % Calories (PCTRANSFAT)","",numeric,"","","","",""
Diet,pred_veg_wopot,"Vegetable without potatoes - NCI predicted intake, servings/d (VEG_ALL_WOPOTATO)","",numeric,"","","","",""
Global Physical Activity Questionnaire,gpaq_level,"Physical activity level (low, mod, high)","This variable assigns a value of 1 assigned to those with high total physical activity levels, a value of 2 to those with moderate total physical activity levels and a value of 3 to those with low total physical activity levels.",choices,"",active_level,"","",""
Global Physical Activity Questionnaire,gpaq_mod_week,GPAQ - Total physical (moderate) activity (min/week),This variable that finds the average amount of time spent per week doing moderate physical activity.,numeric,"","","","",""
Global Physical Activity Questionnaire,gpaq_mv_week,GPAQ - Total physical activity (min/week),This variable that finds the average amount of time spent per week doing any physical activity.,numeric,"","","","",""
Global Physical Activity Questionnaire,gpaq_pag2008,Activity level per 2008 PA guidelines (categorical - 4 levels),This variable that contains the level of physical activity per the 2008 PA guidelines.,choices,"",active_level4,"","",""
Global Physical Activity Questionnaire,gpaq_pag2008yn,Meets 2008 activity level guidelines,This variable determines whether or not high or medium activity level has been met based on variable gpaq_pag2008 (all counts).,choices,"",noyes01,"","",""
Global Physical Activity Questionnaire,gpaq_rec,Recreational physical activity (min/day),This variable finds the total time per day doing some form of recreational physical activity.,numeric,"","","","",""
Global Physical Activity Questionnaire,gpaq_rec_mod,Recreational physical (moderate) activity (min/day),This variable calculates the average amount of time spent per day doing a moderate recreational physical activity.,numeric,"","","","",""
Global Physical Activity Questionnaire,gpaq_rec_vig,Recreational physical (vigorous) activity (min/day),This variable calculates the average amount of time spent per day doing a vigorous recreational physical activity.,numeric,"","","","",""
Global Physical Activity Questionnaire,gpaq_total,Total physical activity (min/day),This variable shows the average amount of time spent doing some form of physical activity in a week.,numeric,"","","","",""
Global Physical Activity Questionnaire,gpaq_total_met,Total physical activity (MET-min/day),This variable calculates the total amount of time spent doing some form of physical activity in a week.,numeric,"","","","",""
Global Physical Activity Questionnaire,gpaq_total_mod,Total physical (moderate) activity (min/day),This variable finds the average amount of time spent per day doing moderate physical activity.,numeric,"","","","",""
Global Physical Activity Questionnaire,gpaq_total_vig,Total physical (vigorous) activity (min/day),This variable finds the average amount of time spent per day doing vigorous physical activity.,numeric,"","","","",""
Global Physical Activity Questionnaire,gpaq_trsport,Transportation-related physical activity (min/day),This variable calculates the average amount of time spent per day walking or biking to and from a place.,numeric,"","","","",""
Global Physical Activity Questionnaire,gpaq_vig_week,GPAQ - Total physical (vigorous) activity (min/week),This variable finds the average amount of time spent per week doing vigorous physical activity.,numeric,"","","","",""
Global Physical Activity Questionnaire,gpaq_work,Work-related physical activity (min/day),This variable finds the total time per day doing some form of work-related physical activity.,numeric,"","","","",""
Global Physical Activity Questionnaire,gpaq_work_mod,Work-related (moderate) physical activity (min/day),This variable calculates the average amount of time spent per day doing a moderate work-related physical activity.,numeric,"","","","",""
Global Physical Activity Questionnaire,gpaq_work_vig,Work-related (vigorous) physical activity (min/day),This variable calculates the average amount of time spent per day doing a vigorous work-related physical activity.,numeric,"","","","",""
Laboratory Measures,cardiac_risk_ratio,Cardiac Risk Ratio (TC/HDL) - AHA,This variable calculates the ratio of total cholesterol by HDL cholesterol.,numeric,"","","","",""
Laboratory Measures,ckd,Chronic Kidney Disease using eGFR only (NIDDK),This variable estimated based on the estimated GFR value and is defined using NIDDK guidelines.,choices,"",normal_endstage,"","",""
Laboratory Measures,dyslipidemia,"Dyslipidemia (High LDL, low HDL, or high triglyerides) - NIH","This variable checks for HDL, LDL, and triglyceride values to determine presence/absence of dyslipidemia.",choices,"",noyes01,"","",""
Laboratory Measures,gfrscr,"eGFR based on serum creatinine, gender, age and race","This variable estimates Glomerular filtration rate, based on serum creatinine, and demographics gender, age and race (black vs. nonblack).",numeric,"","","","",""
Laboratory Measures,gfrscys,eGFR based on serum cystatin C w/o demographics,"This variable estimates Glomerular filtration rate, based on serum cystatin C and no demographic factors.",numeric,"","","","",""
Laboratory Measures,gfrscys_scr,"eGFR based on serum cystatin C, serum creatinine, gender, age, and race","This variable estimates Glomerular filtration rate, based on serum cystatin C, serum creatinine, and demographics gender, age and race (black vs. nonblack).",numeric,"","","","",""
Laboratory Measures,high_total_chol,"Hypercholesterolemia (from LABA66,LABA68,LABA69,MED_LLD)","This variable checks for Total cholesterol, HDL, LDL, and antihyperlipidemic medication use values to determine presence/absence of hypercholesterolemia.",choices,"",noyes01,"","",""
Laboratory Measures,insulin_fast,"Insulin, fasting (calibrated, converted to mU/L)","This variable combines fasting glucose results from the central lab that was processed prior to July 5, 2010 (using units of mU/L) with results processed on or after July 5, 2010 (using units of pmol/L) and the overall units are converted to mU/L (1 mU/L = 6 pmol/L).",numeric,"","","","",""
Laboratory Measures,insulin_ogtt,"Insulin, post OGTT (calibrated, converted to mU/L)","This variable combines post OGTT glucose results from the central lab that were processed prior to July 5, 2010 (using units of mU/L) with results processed on or after July 5, 2010 (using units of pmol/L) and the overall units are converted to mU/L (1 mU/L = 6 pmol/L).",numeric,"","","","",""
Medications,med_antianginal,Antianginals,"",choices,"",noyes01,"","",""
Medications,med_antianxi,Antianxiety agents,"",choices,"",noyes01,"","",""
Medications,med_antiarrhythmics,AntiArrhythmics,"",choices,"",noyes01,"","",""
Medications,med_antiasthmatics,Antiasthmatic or bronchodilator agents,"",choices,"",noyes01,"","",""
Medications,med_anticoag,Anticoagulants,"",choices,"",noyes01,"","",""
Medications,med_anticoag_coumarin,Coumarin anticoagulants,"",choices,"",noyes01,"","",""
Medications,med_anticoag_heparin,Heparin anticoagulants,"",choices,"",noyes01,"","",""
Medications,med_antidepre_ssri,Antidepressants - selective serotonin re-uptake inhibitors,"",choices,"",noyes01,"","",""
Medications,med_antidepre_tricyc,Antidepressants tricyclic antidepressants,"",choices,"",noyes01,"","",""
Medications,med_antidepress,Antidepressants,"",choices,"",noyes01,"","",""
Medications,med_antidiab,Antidiabetics,"",choices,"",noyes01,"","",""
Medications,med_antihypert,Antihypertensives,"",choices,"",noyes01,"","",""
Medications,med_antihypert_acei,ACE Inhibitors,"",choices,"",noyes01,"","",""
Medications,med_antihypert_at2ras,Angiotensin II Receptor Antaognists,"",choices,"",noyes01,"","",""
Medications,med_antiplatelet,Antiplatelets,"",choices,"",noyes01,"","",""
Medications,med_antipsycho,Antipsychotics,"",choices,"",noyes01,"","",""
Medications,med_aspirin,Aspirin-containing analgesics,"",choices,"",noyes01,"","",""
Medications,med_bb,Beta Blockers,"",choices,"",noyes01,"","",""
Medications,med_bb_ophthalmic,Ophthalmic Beta Blockers,"",choices,"",noyes01,"","",""
Medications,med_cacb,Calcium Channel Blockers,"",choices,"",noyes01,"","",""
Medications,med_cardiacglycosides,Cardiac Glycosides,"",choices,"",noyes01,"","",""
Medications,med_chemo,Chemotherapy,"",choices,"",noyes01,"","",""
Medications,med_clopid,Clopidogrel (Plavix),"",choices,"",noyes01,"","",""
Medications,med_contraceptives,Contraceptives,"",choices,"",noyes01,"","",""
Medications,med_cox2,COX-2 inhibitors,"",choices,"",noyes01,"","",""
Medications,med_current_hrt,Any Hormone Repl. Therapy,"",choices,"",noyes01,"","",""
Medications,med_diuretic,Diuretics,"",choices,"",noyes01,"","",""
Medications,med_diuretic_thiazide,Thiazide Diuretics,"",choices,"",noyes01,"","",""
Medications,med_estrogen_combo,Estrogens - Combinations Only,"",choices,"",noyes01,"","",""
Medications,med_estrogens,Estrogens,"",choices,"",noyes01,"","",""
Medications,med_fertility_reg,Fertility Regulators,"",choices,"",noyes01,"","",""
Medications,med_fibares_nicoacid,Fibric/Nicotinic Acids (trt of TG and HDL),"",choices,"",noyes01,"","",""
Medications,med_insulin,Insulins,"",choices,"",noyes01,"","",""
Medications,med_lhrh,LHRH/GnRH Only,"",choices,"",noyes01,"","",""
Medications,med_lhrh_ag,LHRH/GnRH Agonist Analog,"",choices,"",noyes01,"","",""
Medications,med_lhrh_ant,LHRH/GnRH Antagonists,"",choices,"",noyes01,"","",""
Medications,med_lld,Lipid lowering drugs/Antihyperlipidemics (LLD),"",choices,"",noyes01,"","",""
Medications,med_metformin,Metformins,"",choices,"",noyes01,"","",""
Medications,med_nsaid,NSAIDs,"",choices,"",noyes01,"","",""
Medications,med_oi_steroid,Oral/inhalantable Glucocorticorsteroids,"",choices,"",noyes01,"","",""
Medications,med_progestins,Progestins,"",choices,"",noyes01,"","",""
Medications,med_pulmonary,Pulmonary medication,"",choices,"",noyes01,"","",""
Medications,med_serm,Selective Estrogen Receptor Modulators,"",choices,"",noyes01,"","",""
Medications,med_statin,Statins,"",choices,"",noyes01,"","",""
Neurocognitive,digitsymbol,Digit Symbo Substitution Score (NEEA14),This variable is for the score of the digit symbol substitution test. Only defined for participants who took a neurocognitive assessment (NEE form).,numeric,"","","","",""
Neurocognitive,ecg_maj,Major ECG Abnormalities,This variable is defined only for participants that have ECG data.,choices,"",noyes01,"","",""
Neurocognitive,ecg_min,Minor ECG Abnormalities,This variable is defined only for participants that have ECG data.,choices,"",noyes01,"","",""
Neurocognitive,no_disability_6item,No Diability on NEEA5-7,"",choices,"",noyes01,"","",""
Neurocognitive,sevlt_3trials,"SEVTL, Sum of 3 Trials (NEEA8=10)",This variable is the sum of the scores of the first 3 trials of the SEVLT test. Only defined for participants who took a neurocognitive assessment (NEE form).,numeric,"","","","",""
Neurocognitive,sevlt_recall,"SEVLT, Delay Recall (NEEA11 with re-coding)",This variable is the scores of the 5th delayed recall trial of the SEVLT test. Definition per Dr. Hector Gonzalez. Only defined for participants who took a neurocognitive assessment (NEE form).,numeric,"","","","",""
Neurocognitive,total_6item,Total Score on 6 Item Screener (with re-coding),"This variable is the total score of the 6-item screener, which uses recoding of the original responses per definitions by Dr. Hector Gonzalez. It can take integer values from 0 to 6. Only defined for participants who took a neurocognitive assessment (NEE form).",numeric,"","","","",""
Neurocognitive,wordfreq,Word Frequency (A+F) (NEEA12-13),This variable is the sum of the score of the A and F parts of the Word Fluency test. Only defined for participants who took a neurocognitive assessment (NEE form).,numeric,"","","","",""
Quality of Life,cesd10,CESD 10-item total summary score,"This variable is the sum of (WBEA1-WBEA10), where positively worded items (WBEA5, WBEA8) are reverse coded.  For participants with 1 or 2 missing items, CESD10 is equal to the weighted average of the nonmissing items*10.",numeric,"","","","",""
Quality of Life,stai10,10-Item State Trait Anxiety Inventory,"This variable is the sum of (WBEA11-WBEA20), where positively worded items (WBEA12, WBEA17, WBEA19) are reverse coded, and 1 is added to all responses (converting from 0-3 to 1-4 scale to match the standardized instrument scoring). For participants with 1 or 2 missing items, STAI10 is equal to the weighted average of the nonmissing items*10.",numeric,"","","","",""
Respiratory,airflow_limitation,Airflow Limitation (pre FEV1/FVC<70 only),This variable is based on the empirical evidence from the spirometry that the ratio of  FEV1 to FVC is below the level defined by the ATS as indicative of restricted airflow. Defined only for valid spirometries.,choices,"",noyes01,"","",""
Respiratory,airflow_obstruction,Obstructive Lung Disease suspect,This variable is based on the empirical evidence from the spirometry that the ratio of  FEV1 to FVC is below the level defined by the ATS as indicative of restricted airflow.,choices,"",noyes01,"","",""
Respiratory,asthma_c4,4-level grouped Asthma Status,"",choices,"",never_current_dk,"","",""
Respiratory,asthma_c4_md,4-level grouped Asthma Status - by MD diagnosis,"",choices,"",never_current_dk,"","",""
Respiratory,asthma_curr,Current Asthma,"",choices,"",noyesdk,"","",""
Respiratory,asthma_curr_md,Currently have asthma with ever MD diagnosis,"",choices,"",noyes01,"","",""
Respiratory,asthma_ever,Ever had Asthma (self-report),"",choices,"",noyesu,"","",""
Respiratory,asthma_ever_md,Ever had asthma with MD diagnosis,"",choices,"",noyes01,"","",""
Respiratory,asthma_meds,Asthma Med Use - self/scanned (curr asthma by MD diag),This variable combines scanned/transcribed anti-asthmatic medication use with self-report asthma medication use.,choices,"",asthma_meds_noyes,"","",""
Respiratory,bd_response_abs,Bronchodilator Responsive by 15% change,This variable is based on the post-bronchodilator measurement of the FEV1. The airflow remains restricted after the administration of albuterol the person did not respond by greater than a 15% improvement over their first measurement. If PRBA29 is not missing and POBA29 is not missing and PRBA29 > 0 then.,choices,"",bd_response,"","",""
Respiratory,copd_by_bd,COPD by BD Test,This indicator of COPD is based on the post-bronchodilator measurement of the FEV1 to FVC ratio.  The airflow remains restricted after the administration of albuterol.,choices,"",noyes01,"","",""
Respiratory,copd_by_bd_allpre,COPD by BD Test (for all valid PRE_BD),This variable is based on the post-bronchodilator measurement of the FEV1 to FVC ratio. The airflow remains restricted after the administration of albuterol. This variable is also defined for all participants who did not conduct a post-spirometry exam. Defined only for valid spirometries.,choices,"",noyes01,"","",""
Respiratory,copd_ever,Self-report of ever had COPD/Emph or CB,"",choices,"",noyes01,"","",""
Respiratory,copd_meds,COPD Med Use - self/scanned (ever COPD by MD diag),This variable combines scanned/transcribed anti-asthmatic medication use with self-report COPD medication use.,choices,"",copd_meds_noyes,"","",""
Respiratory,copd_self,Self-report of ever had COPD/Emph,"",choices,"",noyes01,"","",""
Respiratory,fev1_fvc_ratio,FEV1/FVC Ratio,This variable is the ratio of forced expiratory volume in one minute (FEV1 ) to forced vital capacity (FVC) expressed as a percentage. ,numeric,"","","","",""
Respiratory,mrc_cb,Chronic Productive Cough 3+ mths in 2+ yrs,"",choices,"",noyes01,"","",""
Respiratory,phlegm,Phlegm day/night 3 months in a row,"",choices,"",noyes01,"","",""
Respiratory,pneumonia,Pneumonia,"",choices,"",noyes01,"","",""
Respiratory,postbd_expected,Post-BD Expected (among valid spirometry,"This variable is a flag for whether a post bronchodilator was expected, based on the premeasurement.  A post measurement was expected if the FEV1 to FVC ratio was less than 70% or less than the lower limit of normal for FEV1/FVC%.",choices,"",noyes01,"","",""
Respiratory,postbd_prebd_diff,Post(FEV1%pred)-Pre(FEV1%pred),"This variable is based on the ratio of the measured FEV1 difference from postbronchodilator and pre-bronchodilator exams over the Predicted FEV1 calculated prebronch (both values must be non-missing, and the post-bronchodilator spirometry examinations must be valid).",numeric,"","","","",""
Respiratory,postbd_prebd_diff_gt12_v2,Post(FEV1%pred)-Pre(FEV1%pred)>=12% (pre FEV1/FVC<70 only),"This variable is based on the ratio of the measured FEV1 difference from postbronchodilator and pre-bronchodilator exams over the Predicted FEV1 calculated prebronch (both values must be non-missing, and the post-bronchodilator spirometry examination must be valid) among participants with pre FEV1/FVC<70 only (ignores LLN comparison).",numeric,"","","","",""
Respiratory,valid_spirometry,Valid Spirometry Studies (Pre),This variable is an overall data quality indicator derived by the pulmonary reading center on the adequacy study for use.,choices,"",noyes01,"","",""
Respiratory,valid_spirometry_postbd,Valid Spirometry Studies (Post BD),This variable is an overall data quality indicator derived by the pulmonary reading center on the adequacy study for use.,choices,"",noyes01,"","",""
Respiratory,valid_spirometry_postbd_v2,Valid post-spirometry (A-D grading) adjusted for unexpected BDs,This variable is a flag for whether a post bronchodilator was valid (grade A-D).  Defined only for participants where a post measurement was expected.,choices,"",valid,"","",""
Respiratory,wheeze_last12,Wheezing in last 12 months,"",choices,"",noyes01,"","",""
Respiratory,wheeze_sb,Wheezing ever with shortness of breath,"",choices,"",noyes01,"","",""
SF-12 Health Survey,agg_ment,Aggregate mental health score norm-based transformed,This sub-scale score is a norm-based transformation of standardized Z scores of the constituent items for the established domains which is scaled to a mean of 50 and standard deviation of 10.,numeric,"","","","",""
SF-12 Health Survey,agg_phys,Aggregate physical health score norm-based transformed,This sub-scale score is a norm-based transformation of standardized Z scores of the constituent items for the established domains which is scaled to a mean of 50 and standard deviation of 10.,numeric,"","","","",""
Sleep,ahi_ge15,Sleep Apnea defined as Apnea/Hypopnea Index (3% desat) >= 15,"",choices,"",noyes01,"","",""
Sleep,ess,Epworth Sleepiness Scale,The Epworth Sleepiness Scale assesses the daytime sleepiness of patients.,numeric,"","","","",""
Sleep,ess_ge10,Excessive sleepiness (ESS>=10),"",choices,"",noyes01,"","",""
Sleep,sbd5,Sleep Apnea Syndrome (Apnea/Hypopnea Index (3% desat)>=5 & ESS>=10),"",choices,"",noyes01,"","",""
Sleep,slpdur,Average sleep duration (hours),"This is a numeric variable that calculates the average daily sleep duration during an entire week (five weekdays and two weekend days), using self-reported sleep data.",numeric,hours,"","","",""
Sleep,slpdur_wkday,Weekday sleep duration (hours),This is a numeric variable that calculates the self-reported sleep duration during weekdays.,numeric,hours,"","","",""
Sleep,slpdur_wkend,Weekend sleep duration (hours),This is a numeric variable that calculates the self-reported sleep duration during weekend days.,numeric,hours,"","","",""
Sleep,whiirs,Womens's Health Initiative Insomnia Rating Scale,"The score is calculated from non-missing values for any of the following five items: SLEA4, SLEA5, SLEA6, SLEA7 and SLEA11. The original items range from 0 to 4 and the total score from 0 to 20.  In HCHS/SOL, SLEA form the scoring for questions 4 to 7 each ranged from 1 to 5 so 1 should be subtracted from each of these items to obtain the score for use in calculating WHIIRS.",numeric,"","","","",""
Socio-demographic,age,Age,This is the age of the participant in years at the time of the participant’s clinic visit.,numeric,years,"","","",""
Socio-demographic,agegroup_c2,Age of the participant,This variable is the grouped age of the participant.,choices,"",age_c2,"","",""
Socio-demographic,agegroup_c6,6-level Age Sub-groups,This variable is the grouped age of the participant.,choices,"",age_c6,"","",""
Socio-demographic,agegroup_c6_nhanes,6-Level Age Groups (NHANES standardization),This variable is the grouped age of the participant. It is determined from the derived variable age for use with analyses requiring NHANES age standardization.,choices,"",age_c6_nhanes,"","",""
Socio-demographic,education_c2,Education Status (2 levels),"This variable is the educational status derived from variable groups of the attainment of a high school diploma or an equivalent degree, or not having that degree.",choices,"",education_level2,"","",""
Socio-demographic,education_c3,Education Status (3 levels),"This variable is the educational status derived from variable groups of the attainment of a high school diploma or an equivalent degree, not having that degree, or attainment of education beyond a high school equivalent (i.e. college or vocational).",choices,"",education_level3,"","",""
Socio-demographic,employed,Employment Status (includes retirees),This variable groups the employment status of the participant.,choices,"",employment,"","",""
Socio-demographic,gender,"Gender (F=Female, M=Male)",This variable describes the participant’s gender.,choices,"",gender,"","",""
Socio-demographic,gendernum,Gender,This variable describes the participant’s gender.,choices,"",gender2,"","",""
Socio-demographic,income,Yearly Household Income (ECEA3 and ECEA4),"",choices,"",income,"","",""
Socio-demographic,income_c3,3-level grouped yearly household income,"",choices,"",income2,"","",""
Socio-demographic,income_c5,Yearly Household Income (collapsed categories),"",choices,"",income3,"","",""
Socio-demographic,marital_status,Marital Status (collapsed categories),This derived variable groups each subject’s marital status.,choices,"",marital_status,"","",""
Socio-demographic,n_hc,Health Insurance Coverage - Current,This variable groups the health insurance coverage status of the participant. The definition also checks whether or not any reason was giving for stopping coverage.,choices,"",noyes01,"","",""
Socio-demographic,occupation_curr,Current Occupation (collapsed categories),This variable is the type of occupation the participant had at the time of the baseline examination.,choices,"",occupation,"","",""
Socio-demographic,occupation_long,Longest Held Occupation (collapsed categories),This variable is the type of occupation the participant has held the longest.,choices,"",occupation,"","",""
